term,coef,odds_ratio,std_err,z,p_value
const,5.043188357561895,154.9633066435297,1.0895321938000324,4.6287648830021615,3.6785312525219903e-06
s1_reliability_score_component_mean_acquisition,-0.97905481622239,0.37566600451270576,0.4063806167393502,-2.409206482528543,0.01598725005520239
s1_reliability_score_component_observation_continuity,-181.08145910493573,2.2767824533174167e-79,66.87819204584365,-2.7076308967923066,0.006776534181574255
s1_reliability_score_component_gap,-0.6048510882469017,0.5461557495947241,0.3771198587463481,-1.6038696298243107,0.10874279240743245
s1_reliability_score_component_dual_pol,176.5557247400106,4.755289951934739e+76,66.87651063263961,2.6400259683082385,0.008289967479754305
s1_reliability_score_component_orbit_diversity,-0.9950601542201383,0.3697012047874999,0.1984711212910744,-5.013626908273471,5.341350953805211e-07
s1_reliability_score_component_1b_shock_resilience,-1.4935595854637425,0.22457184842709563,0.27737837978530583,-5.38455659961593,7.262344947945957e-08
