ri_bin,n_cities,spearman_s1idx_vs_obidx,spearman_p,n_pairs,binary_agreement_rate,insufficient_s1_metric_rate,false_positive_rate,false_negative_rate,spearman_abs_s1_ascending_dvv_db_mean_vs_obbuilt,spearman_abs_s1_ascending_dvh_db_mean_vs_obbuilt,spearman_abs_s1_descending_dvv_db_mean_vs_obbuilt,spearman_abs_s1_descending_dvh_db_mean_vs_obbuilt
low,1156,0.09596833770610591,0.005715053914006331,828,0.6509661835748792,0.2837370242214533,0.17301038062283736,0.07698961937716263,0.4478650260878045,0.06754655440512762,0.11940934819787268,-0.06795438559996443
medium,1155,0.10672081768361041,0.000974061437093142,952,0.6544117647058824,0.17575757575757575,0.13506493506493505,0.1497835497835498,0.4619813031133356,0.0012673506030569813,0.18139484275567522,-0.00984307212392561
high,1156,0.02655965070237982,0.3745299740646808,1120,0.6767857142857143,0.031141868512110725,0.11591695501730104,0.1972318339100346,0.21524239262818634,-0.030493471977704235,0.1905701014033419,-0.06372813202202426
